{
    "  1204 1600 brown 0.85": {
        "projection_type": "brown",
        "width": 1204,
        "height": 1600,
        "focal_x": 0.8486690216064391,
        "focal_y": 0.8486690216064391,
        "c_x": -0.0008133574357398936,
        "c_y": 0.0009019035564069848,
        "k1": -0.0033554393778498083,
        "k2": -0.004093507248576439,
        "p1": 9.700557963610526e-05,
        "p2": -0.000899555224157082,
        "k3": -0.0028406397528441423
    }
}